,cnt
<s>,13198
If,159
it,3650
were,1149
love,193
might,572
be,3398
simple,30
single,29
on,1363
her,4750
side,137
alone,68
</s>,13198
She,911
was,4474
obliged,128
to,9635
go,253
the,9499
next,124
morning,193
for,2595
an,808
hour,123
or,896
two,342
Mrs,1204
Goddard,48
s,1662
but,1849
then,267
settled,77
that,3143
she,3163
should,635
return,95
Hartfield,129
make,300
a,5236
regular,18
visit,152
of,8385
some,450
days,99
My,153
first,377
wealth,8
and,8523
earth,9
They,274
dined,9
with,2233
us,222
last,245
But,554
you,2616
may,380
come,267
again,390
in,4266
cool,13
morrow,49
I,5041
suppose,126
have,2126
heard,208
handsome,71
letter,167
Mr,1282
Frank,157
Churchill,167
has,444
written,41
Weston,353
We,133
never,560
can,444
expect,45
prove,18
any,979
thing,495
upon,238
such,797
point,94
At,61
Marlborough,6
He,705
had,3019
very,1664
soon,408
after,321
their,812
engagement,90
ceased,15
got,66
employ,9
all,1624
he,2444
told,138
would,1340
follow,22
taken,87
place,183
You,407
are,641
making,81
most,418
disgraceful,3
connection,25
one,755
as,2699
your,642
family,185
unanimous,4
Pray,21
Knightley,317
said,835
Emma,684
who,564
been,1361
smiling,42
herself,552
through,97
great,425
part,126
this,770
speech,28
how,402
do,858
know,546
Martin,73
did,563
not,3423
speak,151
yesterday,49
Her,172
ideas,23
only,668
varied,5
much,776
am,667
those,157
witty,2
things,78
at,1829
every,677
body,197
service,32
A,195
walk,84
before,422
breakfast,37
does,185
me,973
good,582
And,338
will,867
tell,156
our,166
reason,92
added,82
about,378
The,645
refreshment,3
Randalls,71
absolutely,38
necessary,63
stupidest,2
fellow,35
Every,50
additional,10
day,331
unhappy,41
confidence,51
made,345
blow,9
more,905
dreadful,32
Anne,406
found,194
Captain,236
Benwick,53
getting,32
near,99
they,918
fairly,12
street,17
feel,166
delighted,54
idea,134
sister,324
law,49
It,624
cleared,11
away,254
instant,21
could,1472
imagine,67
read,66
there,658
consciousness,39
having,241
by,1366
mutual,20
trick,6
authority,15
his,2106
attend,26
perhaps,152
half,174
restrictions,3
designs,8
Sir,213
Walter,118
afterwards,87
second,51
boy,27
violently,3
same,209
lady,110
fingers,4
fondly,7
observed,46
How,151
playful,3
William,22
is,1871
His,134
nature,84
humanity,5
quite,384
enough,253
account,110
horses,40
believe,186
glad,102
we,427
danced,8
no,1135
longer,115
given,130
worlds,2
ever,352
give,288
another,195
bowed,8
Certainly,23
if,638
observe,32
people,151
always,363
live,55
when,640
annuity,4
paid,28
them,933
stout,5
healthy,5
hardly,130
forty,12
fool,8
shall,308
indeed,253
thought,352
subject,150
than,810
men,67
different,76
sort,137
sentiment,18
distinct,9
independent,15
Yes,133
Elliot,233
gentleman,77
large,66
fortune,89
came,203
night,80
from,1087
house,264
himself,290
without,389
thinking,89
many,251
advantages,16
accommodations,6
attached,36
its,271
size,19
judge,29
privations,3
inevitably,7
belonging,13
small,59
call,69
West,4
Indies,7
what,791
abilities,12
however,266
well,527
affections,22
now,517
doubtful,10
whether,109
cunning,4
hers,30
finally,10
carry,15
preventing,4
being,578
wife,131
into,292
Elinor,539
felt,241
equal,79
amazement,11
wrote,31
manner,140
perfectly,117
hurry,33
case,71
must,839
aware,44
my,1116
wish,207
remain,23
Lady,229
Russell,119
besides,31
really,228
so,1480
busy,21
conveniently,4
left,182
Kellynch,63
sooner,27
news,45
hear,166
back,141
rather,221
surprize,31
raises,2
none,49
concerned,31
Nothing,37
hastily,18
done,231
nothing,440
Oh,241
M,5
D,3
ought,146
setting,21
off,185
Uppercross,60
mean,99
while,212
together,159
out,359
doors,16
long,265
With,49
surprise,55
therefore,152
find,112
prevented,19
rain,34
going,192
dinner,73
begged,15
shewn,17
which,1242
father,281
lived,54
home,239
recollecting,8
old,134
woman,205
nursed,4
him,1488
still,231
living,61
walked,87
quest,4
cottage,52
end,99
other,437
though,376
points,18
pursuit,8
observation,29
positive,14
merit,26
shewed,25
altogether,36
towards,117
Highbury,107
general,129
like,290
Miss,730
Woodhouse,244
seem,60
just,241
obliging,37
went,91
music,41
eye,59
rested,3
procured,8
Willoughby,170
containing,8
favourite,49
bearing,6
outward,9
own,589
name,114
hand,93
writing,33
That,114
shook,11
head,89
put,117
aside,8
running,10
over,256
keys,2
minute,29
complained,4
feebleness,4
closed,18
instrument,29
declaring,5
firmness,6
future,47
practice,10
yet,183
seen,147
man,379
cared,13
understood,45
weak,9
irresolute,5
characters,7
whose,83
happiness,135
mercy,4
chance,40
suffer,28
unfortunate,23
acquaintance,152
inconvenience,22
oppression,5
information,35
beyond,94
line,21
business,89
memory,17
bring,53
fifty,15
quotations,2
moment,226
argument,7
think,581
opened,29
book,21
life,144
something,190
say,462
inconstancy,6
Perhaps,42
Fanny,42
mother,289
rude,9
colouring,4
little,545
immediately,140
lodgings,11
beneath,7
farthest,4
hill,15
rises,2
grandeur,6
looked,158
completely,45
astonished,18
pleased,79
eyes,109
brightened,3
allowed,60
talk,99
arranged,21
glasses,2
wrapped,2
up,308
opening,21
lips,10
too,457
deeply,18
afflicted,3
struggle,12
exert,13
Perry,55
carriage,113
What,153
Ferrars,102
views,25
present,206
Edward,213
cross,13
between,151
convinced,64
likeness,20
except,47
brought,114
country,75
habit,24
almost,186
saw,224
intent,4
agreeable,88
Elton,304
sure,337
happy,230
time,540
till,191
confined,19
Dashwood,196
public,27
selfish,21
sagacity,2
latter,27
drawn,24
Robert,54
scrape,3
principal,15
deliverance,3
respectful,3
humility,2
assiduous,3
attentions,33
endless,2
flatteries,2
smallest,43
exercise,18
reconciled,11
choice,22
re,15
established,16
favour,57
poor,162
widow,15
barely,6
able,118
thirty,28
mere,29
Smith,134
names,13
world,165
chosen,14
friend,256
preferred,14
connections,6
among,89
nobility,4
England,18
Ireland,12
Lucy,158
saying,87
lower,8
tone,46
Marianne,447
giving,77
powerful,9
protection,4
magnificent,4
cried,181
stepping,6
forward,69
suspicion,31
arose,15
why,63
feelings,205
tried,42
Everything,5
marked,11
Louisa,88
Wentworth,175
where,146
divisions,3
even,252
nearly,29
encouragement,28
dismissed,5
occasion,53
brother,134
ready,96
enter,22
five,72
minutes,97
stopped,25
door,94
punctuality,2
preceded,3
hoping,10
delay,30
either,105
coachman,5
knew,178
manners,94
required,34
intimacy,30
pleasing,33
This,170
unaccountable,7
alert,3
engaging,12
Jane,247
Fairfax,194
augur,3
assured,36
objects,16
interest,104
truth,59
inferiority,8
want,124
evil,49
avoided,13
marrying,37
children,100
care,89
NOT,11
write,35
replied,163
wishing,32
avoid,35
farther,88
inquiry,28
distressed,16
staying,42
friends,129
Plymouth,9
thinks,31
fond,58
difficulty,40
sitting,55
carpet,4
work,40
suspecting,10
match,52
Lord,32
daughter,111
forget,34
difference,53
makes,27
goings,2
wanted,112
nurse,16
cold,68
promise,39
danger,51
catching,9
sore,10
throat,12
tired,28
playing,10
proceed,20
invitation,51
accepted,15
appointment,7
drew,30
common,74
civility,28
Jennings,166
both,166
persuading,9
indisposed,6
amusement,33
abroad,18
unwilling,20
run,24
risk,16
calling,34
absence,29
Will,18
Has,13
inconsistency,4
create,3
alarm,36
spirited,5
beginning,65
winter,24
engagements,24
sir,60
desired,15
prose,5
dear,285
reply,30
else,128
pretty,100
tempered,11
wiser,8
accept,20
society,71
ladies,71
Laura,6
Place,29
enjoy,21
connexion,24
far,127
possible,142
late,53
met,71
walking,62
Harriet,409
When,89
particulars,29
conversation,83
repeated,40
effect,40
entirely,81
former,54
hoped,64
see,426
rejected,6
spirit,48
bless,7
past,57
debt,3
gratitude,50
owing,3
here,186
intercourse,13
seven,23
years,136
footing,5
perfect,46
unreserve,8
followed,49
Isabella,61
marriage,80
each,117
dearer,7
recollection,28
sometimes,60
fancied,26
discerned,4
distance,37
ten,55
awkwardness,9
emotion,24
stormy,2
Poor,54
bilious,3
take,168
tells,14
sad,28
round,68
marry,101
perseverance,8
conduct,66
messages,2
self,57
condemnation,2
offence,18
unkindness,5
treated,21
notice,54
overcame,6
graciousness,5
led,40
rapid,12
degrees,6
highest,22
state,92
affection,101
influence,46
remained,47
vexation,11
causes,4
flattered,10
commendation,9
nerves,12
under,121
continual,18
irritation,7
suffering,40
nephew,12
communicated,14
change,98
plan,54
Nobody,22
early,65
Musgrove,107
happening,8
pulse,6
stronger,20
symptom,5
favourable,22
preceding,9
For,53
sake,51
hope,226
turn,51
right,139
positively,11
civil,24
effort,11
especially,45
amongst,8
others,130
overpowering,4
period,31
nonsense,16
particularly,82
wished,99
listen,28
cost,7
encounter,8
thrown,24
company,73
imperfect,3
knowledge,61
matter,81
add,20
shade,8
prejudice,6
against,106
useful,27
irritated,5
talking,78
air,70
congratulating,2
greater,66
new,70
disposed,46
judging,13
following,29
lead,18
Bates,115
taking,57
granted,6
bride,13
clever,30
professed,9
satisfied,71
praise,46
passed,113
mouth,6
readily,19
continued,86
contribution,2
talked,104
grace,12
pleasant,52
elegantly,3
dressed,11
Ah,56
Taylor,36
grievous,2
Bless,8
Suppose,2
seized,7
sudden,34
way,255
ring,8
bell,6
To,110
leisure,24
claims,37
involuntary,3
mind,252
ill,130
shocked,14
stir,11
Depend,11
likely,79
happen,29
Donwell,40
servants,21
often,141
extremely,78
awkward,15
remiss,4
creature,50
Harry,6
stand,31
consideration,29
respect,67
recently,4
lost,46
admitted,24
due,39
decorum,4
obstinate,3
silent,57
Mary,117
removed,26
difficulties,39
consequently,10
Bath,103
took,90
divided,15
Cottage,17
Lodge,4
means,88
disrespectfully,3
relation,18
yours,27
madam,16
hedges,2
elder,8
least,146
coming,126
turned,59
look,188
spring,24
tender,28
smile,62
meaning,56
stood,29
sensations,16
pain,62
once,160
severe,29
softened,14
instances,4
relenting,2
feeling,101
friendship,45
reconciliation,9
cease,12
No,208
doubts,14
lately,32
married,99
youngest,11
Steele,34
three,131
ago,49
reached,41
year,95
school,25
respectable,25
residing,4
Dorsetshire,7
charge,25
four,72
girls,27
situation,107
sorry,94
acknowledge,26
transcribed,2
pages,3
already,94
friendly,28
hospitable,5
educated,4
elegant,33
Ever,4
since,139
hard,27
Each,3
previously,15
agreement,5
regard,90
gentlemen,37
hearty,5
humour,32
open,78
trusting,5
liberality,11
Admiral,55
best,124
polished,3
behaviour,76
Shepherd,26
assurances,15
known,126
report,19
model,5
breeding,6
shame,16
Now,60
loud,8
cannot,209
stay,81
Before,9
maid,19
lit,2
fire,26
sun,10
gained,20
power,82
gloomy,3
January,10
window,47
seats,5
light,18
command,34
fast,18
flow,7
tears,26
permit,2
considerable,31
portion,7
apparent,17
indifference,35
calmness,21
opinion,133
bad,73
acknowledged,24
fitting,3
social,5
dictate,5
matters,22
discourse,17
ere,3
become,36
unworthy,11
transplanted,2
need,65
ask,77
One,53
wonders,6
resist,12
Then,43
attempts,11
Henry,22
John,202
Bella,2
sheet,2
rest,102
serve,6
beauty,42
sincerity,13
dealings,3
Ay,12
Heir,2
presumptive,2
Esq,5
grandson,2
unwell,11
headache,5
degree,77
aunt,53
declare,32
ball,30
attended,26
charity,8
unbecoming,2
languor,3
health,62
let,92
hands,49
folly,26
equalled,4
view,55
resentment,16
impression,19
crossed,7
low,41
hedge,7
footstep,2
ended,20
narrow,8
path,8
garden,26
lane,11
cause,33
gave,120
disgust,4
propose,6
Happy,7
furnished,6
spot,16
engaged,70
benefit,13
expected,76
myself,187
In,154
seemed,269
tempt,8
avarice,2
vanity,28
earnestly,25
warmly,32
insisted,4
sharing,5
fate,15
whatever,44
disinterested,6
inducement,5
proposed,18
pressed,19
Great,13
House,14
instead,34
afraid,79
Charles,140
child,73
somehow,8
meet,59
attends,2
safe,34
accused,2
delightful,52
voice,92
properly,22
denied,6
asserted,4
heir,10
rights,13
generously,2
supported,14
disappointed,36
hate,10
women,42
board,13
ship,5
convey,11
anywhere,20
help,61
Well,124
leave,121
wretched,23
discovery,12
short,139
pause,31
week,77
dream,9
gone,139
particular,79
begin,38
dreaming,2
Their,48
entrance,24
Patty,9
sea,29
doing,75
rarely,2
use,76
expression,23
admissible,2
truer,2
mend,2
brilliant,9
cheerfulness,23
looks,51
spirits,139
proved,34
repeatedly,10
declared,34
happiest,15
evening,157
better,261
novelty,6
treat,8
wise,12
neither,81
husband,89
nor,150
considered,59
dare,82
experience,9
returned,94
exclaim,5
shaken,6
hearing,63
London,71
merely,45
hair,28
cut,22
Could,22
wonder,82
CHAPTER,90
Why,39
whole,154
rushed,3
drawing,61
room,248
entered,59
ceremony,14
unanswered,2
object,90
believed,80
fine,77
pretence,9
considering,26
retract,4
mildness,4
weather,56
happier,17
expectation,36
frost,5
joy,39
exquisite,16
delight,42
imagined,32
son,81
continually,11
sigh,33
swell,4
centre,6
So,79
meeting,68
Hall,20
seeing,102
thoughts,57
full,86
candles,4
assist,26
observations,9
yes,49
certainly,146
anxious,67
hint,26
question,78
perceived,19
gallantry,14
oppose,7
lose,24
pleasure,165
dancing,38
compliment,39
forgave,3
later,13
Frederick,17
asked,68
passage,17
daughters,36
affair,29
carrying,14
secresy,2
Campbells,20
Dixons,4
delicacy,28
discretion,13
lain,2
asleep,4
greatest,53
regretted,9
honoured,11
image,2
speaking,67
composure,25
because,105
steadiness,7
intelligence,25
spoke,85
convincing,6
unpardonable,7
Cleveland,21
takes,16
notion,14
runs,2
receive,26
usual,79
quick,37
push,2
die,5
try,30
Come,21
ma,41
Cole,50
deep,22
misery,43
instantly,48
shewing,13
furniture,18
kindness,81
Italian,6
scholar,2
weeks,47
exemption,2
willing,19
gaining,6
strength,26
backgammon,2
table,58
placed,28
visitor,15
unnecessary,18
style,48
decisive,5
Suckling,9
Bragge,6
felicity,17
splendour,2
fell,25
cousin,37
Maple,20
Grove,20
Michaelmas,8
assure,88
materially,11
surprised,33
confused,8
quiet,52
silence,56
surprized,26
inferred,4
answered,47
frightful,6
thorough,11
gaiety,7
fancy,67
justice,41
wait,41
secret,44
circle,19
reading,27
huswife,2
kind,157
says,34
apologise,2
paper,19
jealous,12
belonged,10
Colonel,181
Campbell,41
visiting,11
grandmother,7
There,181
talent,7
comes,31
months,72
THAT,40
happens,5
sincerely,13
interested,21
young,294
somewhere,8
Winthrop,9
displeasure,7
proposing,3
failed,16
parties,34
unite,4
objection,21
less,161
draw,20
performances,3
deficient,12
natural,82
taste,74
opportunities,6
improving,6
yourself,84
mistaken,42
standing,33
behind,41
earnest,32
contemplation,4
print,4
unseen,5
touch,18
address,23
catch,19
As,94
servant,35
expense,15
trifle,8
Mamma,6
horse,17
HIM,7
get,102
park,29
stable,4
merest,3
shed,3
sufficient,24
Charlotte,20
loves,13
piquet,2
bed,32
destroy,5
comfort,127
tea,36
Camden,22
knowing,54
modest,6
accomplishments,5
highly,38
accomplished,12
modesty,4
sons,6
crime,2
annihilation,2
few,200
robbed,5
similar,11
fortnight,33
oh,11
Gilbert,5
wishes,55
dance,31
heart,179
conscience,21
whom,137
ease,39
guilty,7
cruelty,9
treachery,3
character,96
explanation,24
handsomest,6
Neither,10
wine,8
gladly,9
move,27
comfortable,70
prudent,10
attempting,10
removal,23
Delaford,26
fortunately,4
Margaret,30
age,35
suitable,10
ineligible,2
supposed,63
lover,12
modes,4
choose,6
household,4
nobody,63
aspired,2
humouredly,2
Forgive,2
saucy,5
usually,9
grave,22
expressing,9
satisfaction,67
finding,40
somewhat,10
sat,65
word,132
weight,10
unless,12
exclaimed,27
painful,35
ability,2
repetition,8
tempers,3
recommend,24
explained,17
satisfactory,8
doubt,131
satisfy,16
YOU,20
ME,5
trust,24
beat,5
approaching,8
sent,56
dressing,8
answer,95
Much,9
Were,8
struck,37
Was,24
Avignon,2
hears,6
picture,36
gives,18
complete,29
grown,17
forced,41
appear,58
gratify,5
precious,12
fit,29
bear,73
footman,2
parcels,3
Shall,6
mention,33
whenever,32
chose,16
welcome,37
allowable,6
rooms,31
attempt,40
ice,2
card,24
charade,17
thank,24
sight,55
gain,13
real,86
affectionate,31
worst,17
number,20
plain,28
arrival,50
resolved,50
paused,11
growing,25
cooler,4
dryness,2
hundred,37
miles,32
prefer,8
Cromer,3
South,7
End,6
On,34
informed,19
persuaded,48
excursion,3
productive,4
perceiving,7
attention,115
declining,9
offer,32
HER,20
accepting,14
directly,89
began,115
foresee,7
variety,9
accrue,2
separation,15
exploring,9
These,28
delays,5
disappointments,5
odious,4
looking,110
reflect,9
person,136
ashamed,45
appearance,66
penitence,3
justly,6
truly,21
arise,12
smiles,19
leaves,5
repeating,7
thousand,59
poetical,2
descriptions,3
autumn,15
season,12
peculiar,16
tenderness,29
poet,3
worthy,22
description,22
lines,21
money,39
drive,16
terms,33
kept,54
lanes,2
downs,4
mounted,2
wore,6
James,19
XVI,3
classed,2
attainable,3
Dr,8
Davies,2
town,99
d,11
join,37
post,22
chaise,13
behaved,18
twelve,13
True,8
true,92
intentions,15
Do,85
conscious,23
provoked,6
disappointment,37
imprudence,14
borne,20
spreading,4
illness,23
serious,53
Musgroves,36
excepting,17
usefulness,4
From,28
indulgent,4
undertakes,3
papa,31
matrimony,9
pay,33
respects,10
everything,41
proper,59
perceive,20
considerably,5
died,17
summer,32
confirmed,7
depressed,6
suspect,33
strong,81
temper,55
excellent,50
forbearance,10
patience,17
wants,11
openness,8
Your,63
amiable,50
decision,13
venture,23
suggest,9
gown,8
cap,4
liable,10
knock,5
suspended,4
anything,65
waited,17
pass,42
IS,2
Doctor,8
colour,16
Call,2
Twice,2
these,106
annuities,3
trouble,32
Dalrymple,20
Carteret,10
innoxious,2
cousins,34
cheerful,42
possess,6
sanguine,13
itself,35
lock,11
carried,21
pocket,7
searched,2
Madam,3
ingratiating,2
torn,4
scarcely,49
sensible,50
rapturous,5
gay,18
questions,13
distinguished,16
mark,9
lucky,19
remark,12
private,23
resolution,49
conviction,33
Till,9
dark,14
plans,9
suffered,44
agonies,2
sensibility,14
existence,16
grateful,26
prepared,23
adopt,10
expedient,5
asking,16
meant,60
tenderest,3
Kingston,7
belong,16
province,2
pray,22
matches,6
silly,15
break,9
joke,11
seems,42
imply,3
beg,25
deceive,8
encouraged,16
neglected,5
agitated,14
reflections,13
fact,41
unconsciously,4
attributing,4
expressions,13
soothing,5
gradually,16
immediate,33
alertness,4
recollections,8
renewal,5
amends,7
hurried,20
speedily,8
madness,5
Or,7
shut,22
Dare,2
forgets,3
earlier,15
death,28
soul,29
16,3
hysterical,5
Let,29
Is,46
exertions,12
retained,3
wholly,19
selfishness,15
ruined,6
dead,11
eight,22
offered,20
forgive,15
Eliza,7
Something,13
happened,47
Brunswick,8
Square,10
lay,20
down,159
rule,11
refuse,16
understand,105
comprehend,28
motive,24
acted,10
advantage,56
fettered,3
pounds,45
thoughtful,9
letters,52
perusal,2
interval,12
faults,15
forgotten,25
affected,22
exceedingly,39
grief,14
pleasures,11
Henrietta,55
fully,31
mankind,2
worse,53
deserved,20
party,174
separated,7
apt,7
flies,2
failure,3
begins,4
interrupted,17
bred,12
offend,7
foolishly,3
shy,5
negligent,4
equally,53
uneasiness,16
sisters,60
experienced,4
careless,8
meals,3
reverie,6
roused,13
leaving,31
barouche,7
landau,5
course,106
holds,9
explore,3
beauties,6
Hodges,5
Wright,3
cheap,4
promised,37
receipt,4
George,5
Otway,5
partner,10
Cox,6
play,30
buried,3
Croft,46
suit,20
apple,7
message,17
harm,20
human,17
guess,33
distress,46
Very,59
Can,20
becoming,13
opposition,19
wet,6
ride,8
recollected,12
engage,21
friendliness,4
flattery,11
bewitching,7
reception,10
resolve,11
charms,7
perfections,2
credit,30
benches,2
assistance,27
Wallis,30
seat,26
rising,13
studied,4
politeness,24
material,20
sentiments,21
folded,3
lasting,10
warmth,35
writer,5
learn,16
wind,12
blows,2
crowd,8
Most,8
nice,23
observant,6
Elizabeth,83
Clay,56
encouraging,19
glance,26
frequent,14
visits,19
Dixon,39
musical,18
Which,4
valuable,16
blessing,19
inferior,22
baronetcy,2
united,18
gifts,2
constant,30
warmest,11
devotion,4
hopes,41
hanging,10
impossible,73
environs,3
strolling,2
destination,5
mile,11
gradual,3
ascent,2
fresh,24
farmer,9
sweets,2
despondence,2
parted,22
commanded,7
foot,15
exactly,79
Upon,38
April,3
June,9
July,4
accomplish,4
easy,55
ornaments,2
exception,5
extended,6
indignation,20
proposal,16
scruples,13
pressing,11
Long,4
reappeared,4
attending,27
neat,8
moving,13
niece,18
sweet,36
examined,5
evils,14
trifling,12
Have,27
opportunity,46
became,43
thoroughly,26
supplanted,5
forming,16
inclination,34
frightened,16
judgment,49
chuse,24
Indeed,39
Brandon,110
drawback,6
fortunate,26
circumstance,55
girl,76
spite,62
deviation,3
strict,8
propriety,20
simplicity,13
direct,20
yield,4
joint,7
entreaties,12
Such,60
laughed,30
ridicule,5
provoke,6
By,27
remaining,17
neighbourhood,33
Gilberts,2
places,12
offices,9
produce,17
sale,3
flesh,2
stopt,12
interesting,43
naivete,4
agitation,39
concern,44
ways,20
inclined,15
accommodation,15
used,72
history,30
rise,12
ancient,5
mentioned,43
office,23
high,41
representing,5
successive,2
dignity,16
baronet,8
II,6
concluding,8
arms,10
motto,3
county,7
Somerset,2
handwriting,4
lie,4
actions,8
meanwhile,7
unsuspicious,3
exciting,8
talker,7
spent,47
inquiries,17
careful,13
directions,5
spread,12
proceeding,7
communication,22
principally,12
addressed,6
Nay,14
possessed,8
charm,21
dared,16
breathe,5
Palmer,61
taught,12
fallen,13
story,27
apprehension,9
sequel,2
removing,10
Norland,36
painted,2
pair,12
screens,2
handed,5
admiration,46
miss,8
SHE,18
navy,9
claim,22
set,101
comforts,14
privileges,3
pains,13
acquainted,70
caught,40
Donavan,5
apprehended,2
constitution,8
Having,5
alluded,6
accident,11
slight,28
comprehending,5
sweetness,11
humble,13
readiness,8
opposing,5
intended,31
holding,2
Crown,19
Ford,12
loss,40
contact,2
sensibly,3
After,49
unwillingness,6
bottom,5
deciding,3
sympathy,11
spared,17
poured,2
quarters,5
declined,16
6,2
amused,21
connected,18
universal,4
contented,9
worked,6
reproach,22
drop,5
temptation,10
desirable,31
express,25
naturally,28
consent,25
Another,14
speaks,12
incomprehensible,3
dependence,20
unable,24
Morton,16
chusing,4
spoken,54
flattering,8
language,20
lesser,4
feared,25
purpose,33
enrich,3
smiled,29
grew,18
complain,9
formed,33
Barton,65
proprietor,3
orders,14
Me,8
WILL,5
calm,16
mistress,25
Remember,8
Whoever,3
occupied,27
settle,24
forgot,14
thanks,14
necessarily,9
appeared,92
affectation,5
candour,7
greatness,2
shew,32
higher,15
superior,63
performance,17
recommendation,14
mine,38
hurt,17
plays,3
delightfully,9
begun,25
several,26
list,5
fourteen,5
remember,60
preserved,7
declares,6
sit,61
fashion,11
started,14
length,16
necessity,27
profession,22
dashing,4
expensive,6
red,9
coat,2
idleness,5
pronounced,7
advantageous,3
honourable,14
eighteen,11
bent,10
Beyond,4
valley,8
rich,36
wild,11
stretch,3
road,27
travelled,8
reaching,7
around,30
examine,6
prospect,29
reach,19
walks,10
doubtingly,4
fear,32
lessons,2
elevated,6
describe,10
detained,7
slowly,9
within,89
correctness,2
relief,27
fears,19
procure,9
delayed,3
eagerly,26
measure,14
hours,74
patient,10
attendant,3
composed,11
afford,29
ONE,9
Who,24
drain,2
tree,7
acre,2
equality,3
rendered,14
inquire,10
approached,7
eagerness,19
DO,6
favourites,3
warm,49
personal,23
blushed,11
progress,13
ourselves,19
bit,6
lip,4
ridden,2
sweetest,4
creatures,11
faultless,3
bore,11
circumstances,70
reconcile,5
times,47
Of,20
reverse,10
eating,8
content,2
companion,43
intelligent,7
gentle,26
concerns,19
peculiarly,12
scheme,33
fault,24
Here,39
pianoforte,22
alternately,2
singing,8
crying,3
totally,24
nieces,3
procuring,8
Middleton,79
guests,9
personally,5
nearer,16
endeavouring,11
please,41
seldom,15
receiving,31
preparations,6
carelessly,3
honours,7
indignant,6
Crofts,20
level,5
desire,26
insult,3
W,7
rained,6
triumphantly,3
silenced,5
consequences,4
tolerable,15
words,76
basket,10
stuff,3
fruit,7
arrived,37
game,10
rose,13
animated,12
Dashwoods,29
Steeles,24
raised,20
riches,3
secretly,4
congratulate,10
village,15
presently,24
finish,10
Annamaria,3
filigree,3
candlelight,3
hesitated,6
Exactly,7
unheard,3
inevitable,8
close,28
Towards,5
heavy,17
restless,9
uncomfortable,14
features,17
countenance,46
complexion,20
gravely,8
reasonable,30
alas,3
afternoon,9
damp,7
kinder,4
resisted,5
enjoyments,5
relinquished,2
recollect,28
plainly,12
Surely,3
sorrow,12
throw,11
retain,4
anxiety,43
parent,9
revived,6
curricle,8
jump,4
compare,9
mourning,9
curiosity,55
six,27
collected,13
owner,6
amidst,5
bows,2
civilities,10
exchanged,2
promises,7
secure,25
division,5
determined,90
laughing,27
affectedly,5
presume,11
determine,11
concurrence,4
lord,4
master,15
rumour,4
wondering,11
specimens,2
inimitable,4
figure,21
pieces,3
capable,26
distrust,10
violence,6
affliction,16
sunk,18
calmer,7
melancholy,33
employments,6
daily,17
solitary,10
meditations,4
produced,38
occasional,9
effusions,2
lively,26
operation,4
principle,16
superiority,19
face,69
decided,44
management,2
nut,3
solemnity,3
possession,19
sleep,12
order,23
depended,20
applied,7
December,4
stirring,3
afforded,13
dignified,6
seclusion,6
amply,5
repaid,2
popularity,5
related,11
reasonably,11
elegance,36
dislike,22
scanty,4
aspect,4
glory,2
successfully,2
caution,17
wanting,42
estimating,2
minuter,2
propensities,2
inclinations,3
tastes,2
goodness,17
sense,87
ingratitude,4
moments,38
prevent,37
extreme,15
vicarage,4
pew,2
deaf,4
luck,16
war,7
delicate,14
difficult,13
shape,6
consistent,5
spoiled,4
Take,5
consider,52
commit,2
approbation,28
trembling,5
reckoned,4
series,7
strange,30
blunders,4
blood,10
alliance,10
books,21
contrast,7
certain,56
preparation,13
resumed,8
Churchills,12
Richmond,11
twenty,58
induced,18
endeavoured,12
dissuade,6
rank,19
larger,9
enforced,2
assertion,10
observing,20
admitting,3
representation,6
guided,12
judged,21
wisest,7
submit,12
ungracious,6
owed,12
served,5
issued,2
decree,2
attack,7
dozen,5
headed,4
clamorous,2
impertinent,8
More,8
purse,5
shilling,3
terror,8
tempting,2
surrounded,7
recalled,4
restore,5
faith,9
unbroken,2
conjectured,4
stranger,8
themselves,91
groom,3
inns,2
indebted,5
event,42
acquittal,2
Always,3
deceived,20
regardless,2
convenience,16
regret,44
coldness,14
neglecting,2
distinction,13
pity,42
unfeigned,2
whisper,14
sentences,6
NOW,11
purposely,6
Many,6
solemnly,4
vast,10
addition,20
motion,8
expressed,23
unaffected,10
denoted,3
older,10
strongly,14
agreed,39
topics,3
spend,29
liked,29
formerly,12
feasible,2
thick,7
concluded,15
sink,12
rousing,5
dwell,7
sickly,6
remains,8
lovely,16
blooming,4
doted,3
called,89
below,5
Richardson,3
coach,6
Kensington,2
Gardens,3
interrupt,2
stairs,23
stockings,2
Richardsons,2
pointed,8
requisite,6
gentlemanlike,7
lament,6
hung,7
defect,4
increased,28
pretend,16
altered,17
feature,6
occupy,8
faces,5
appears,12
motherly,3
hearted,23
carriages,16
joyful,3
bustle,10
collecting,5
preparing,13
depart,2
solicitude,28
endured,8
fixing,5
curtains,3
Alicia,2
telling,30
Though,23
uncertain,14
blame,14
absent,15
sex,14
fly,2
grounds,21
strikingly,4
wear,5
pink,2
ribbons,2
pursue,3
increase,25
enjoyment,51
deficiencies,4
band,2
witnessed,9
union,6
appearing,12
group,5
stop,19
While,27
defer,10
suspected,20
extraordinary,34
above,29
embarrassment,14
impartiality,2
tenant,12
departure,9
revenge,2
disappeared,4
persuade,23
compassion,28
valued,12
easily,42
wondered,14
comprehension,7
estate,24
dispose,4
application,11
nervous,17
thrill,2
instinctively,3
glanced,2
distant,18
pen,8
pausing,3
listening,19
VIII,2
11,2
amazed,2
elevation,3
clear,31
unfortunately,16
seriously,25
devoted,9
infirm,4
Four,5
firm,7
possibilities,2
conquests,2
fetch,11
pardon,18
explain,13
remembrance,21
fanciful,4
unfair,5
conjectures,5
disdain,4
writes,11
interests,3
Aye,20
uneasy,14
trial,10
generally,44
An,21
hither,4
younger,11
unlike,13
value,37
injury,8
mortifying,8
endure,18
Abbey,27
working,6
turning,44
duty,42
continuing,16
renounced,2
Dear,29
flourishing,2
professions,8
hit,3
method,7
preserving,4
peace,22
censure,12
undiscerning,2
prejudiced,3
unjust,15
indifferent,32
seclude,2
third,14
energy,6
ridiculous,9
exertion,26
hazarded,4
enquiries,10
voluntary,6
confirming,3
perpetual,6
civilly,4
offering,14
actually,36
prompt,7
lives,19
Had,44
vehemence,2
relations,22
devil,5
leading,14
penance,8
agree,22
defence,5
distinguish,9
bow,12
comprehended,6
acknowledgement,2
curtsey,2
possibly,23
degradation,5
duties,11
resident,3
vain,39
threw,5
folding,4
exultation,10
boasting,2
space,9
possibility,24
extent,13
proud,16
walls,8
feet,4
asunder,5
acquit,8
seduced,2
mischievous,2
imagination,20
suggested,12
quit,17
interchange,4
seated,15
shocking,14
roof,5
visited,19
Stanhill,2
hurrying,11
Where,24
moderate,11
powers,18
Excuse,4
act,26
defy,2
suggestions,4
opposite,12
invalid,7
decline,4
compliments,20
signify,7
moreover,14
charming,41
today,10
tomorrow,15
ecstasy,4
God,21
various,12
portraits,3
finished,20
decide,11
pays,3
accommodate,6
probability,26
inspect,2
support,23
fall,18
sly,5
staid,10
won,12
t,66
colds,3
wholesome,5
gently,5
brothers,4
changed,20
green,8
unkind,7
keep,62
curacy,7
shift,4
putting,20
probably,55
thin,5
upright,9
formality,3
gloried,4
integrity,5
offences,2
punishment,7
plenty,6
don,18
Mill,9
Farm,3
listener,3
deal,139
smirked,2
passing,25
laugh,26
introduced,25
dine,27
astonishment,25
imagining,3
Woodhouses,4
generations,3
branch,3
Eltons,11
introduction,15
indefatigable,2
wedding,16
weddings,2
finery,5
parade,6
white,12
satin,2
lace,5
pitiful,4
Selina,7
stare,2
arrangement,27
dropped,9
Almost,2
ascertain,9
confinement,7
steady,16
counsel,7
varying,6
opinions,28
entertainment,8
occupation,8
concert,17
during,33
tippet,2
errand,9
rejoiced,13
sound,19
obligation,9
subsequent,4
seriousness,2
deserves,7
employment,19
glass,6
balls,5
extensive,7
worth,61
error,12
double,5
contradict,4
confirm,4
also,37
allow,66
repulsive,2
parts,8
Augusta,3
deliberation,2
including,4
coloured,7
trusted,14
complacency,7
overcome,29
solitude,13
reflection,29
recover,10
compared,13
Not,50
occurred,36
prepare,6
burst,23
horror,11
claimed,5
improper,5
scene,12
hating,2
conjecture,9
seeming,11
probable,16
quietly,15
amiss,6
boot,3
arrange,4
pang,4
suspicions,13
gloom,3
waiting,38
Lyme,53
brain,5
broken,15
renewed,8
hesitation,13
shock,12
fling,2
slave,3
trade,7
pursuits,11
weaken,4
impressions,4
strengthened,7
happily,17
engrafted,2
cautious,9
accounted,2
previous,13
tranquillity,9
alarming,9
constancy,11
deprive,2
fair,36
Consider,6
dearest,27
thanked,12
form,36
secrecy,10
invaluable,3
agony,13
privilege,10
liberty,25
wandering,4
free,20
luxurious,4
Palmers,10
indulgence,20
rambles,2
travel,5
soft,9
genial,2
leaning,9
arm,23
authorised,5
fatigue,9
sing,3
unconscious,4
innocent,3
appropriated,2
invited,30
Thursday,5
Saturday,8
hypocrite,2
Other,4
Weymouth,16
softness,3
upper,4
notes,5
prize,7
middle,13
strangers,9
parlour,22
precaution,2
cast,6
likewise,19
raptures,8
Does,6
ground,25
entreat,10
honour,48
trying,38
appeal,4
cheering,2
deprecated,2
recovered,24
schemes,8
execution,3
elsewhere,10
fulfilled,3
visions,2
along,19
glimpse,6
discern,6
Look,7
hills,8
Thirteen,2
neighbours,18
intimate,26
widower,5
discovered,10
Sixteen,2
nay,12
obstacle,3
wrong,51
Harville,62
ll,2
clouds,5
dispersing,2
across,15
sky,3
frequently,20
impediment,3
reproached,3
believing,12
incapable,5
generosity,9
contrary,20
doctrine,2
couple,32
attracted,3
resemblance,16
disposition,40
returning,36
boys,20
supplication,3
objections,10
subside,2
confirmation,5
succession,4
important,32
inheriting,3
property,23
guard,8
screen,5
particularity,3
quickened,2
pace,9
regiment,2
fame,4
save,8
dying,7
action,11
sinking,8
nearest,7
infancy,2
guardianship,2
secures,2
spending,10
freely,2
dogs,3
sporting,4
inconsiderable,4
domestic,20
privy,3
altering,2
attitude,5
insensible,12
presence,20
joined,35
fix,13
inn,15
suited,16
moved,14
alteration,13
tedious,3
dull,13
homes,4
top,3
coxcomb,4
Exeter,13
discovering,3
invite,17
source,12
repentance,2
dissolved,3
riddle,5
gratification,9
stept,3
forgetting,9
escorted,2
tete,12
consequence,65
Enscombe,26
employed,22
quitted,23
Oxford,7
hold,30
ignorant,13
treatment,8
laid,20
banished,4
illiterate,4
vulgar,10
pondered,3
apprehensive,5
continuance,9
mortify,3
comparatively,7
wound,11
pointedly,5
slighted,11
construction,2
promising,8
undesignedly,2
Recollecting,2
downstairs,4
expose,7
housekeeper,12
examination,7
stores,2
quality,2
note,32
owned,6
reasonings,2
desperate,7
carelessness,3
copied,2
betraying,7
recommended,20
medical,2
skill,5
otherwise,40
created,3
communicate,9
conceal,17
sakes,4
talks,8
ambition,3
disagreeable,22
inconvenient,8
behaving,5
honourably,3
kindly,13
hearts,5
promote,10
decidedly,16
suddenly,15
feels,11
suffers,3
watches,2
boat,2
turns,13
knows,39
constantly,9
oppressed,9
anguish,3
courage,14
fortitude,18
share,39
result,18
eventually,2
contentment,3
Quite,10
humourist,3
awoke,2
Thank,16
Heaven,10
partiality,10
Monkford,8
Would,10
inquiring,5
false,6
willingly,4
Somebody,5
troublesome,13
apples,12
enjoyed,10
stock,5
Because,7
senses,8
persons,17
numbers,5
habits,15
consulted,9
Cannot,3
sensation,10
Morning,2
Some,21
reigning,2
principles,12
admire,19
greatly,21
resembled,2
inforced,2
disappoint,4
forms,6
considerate,7
Hawkins,16
follows,3
curious,8
entertaining,5
distressing,10
dividing,3
divide,6
terrible,3
medicines,2
fever,12
unabated,2
aches,2
pale,5
journey,29
forgiven,16
dispersed,3
practices,2
injured,9
Westgate,5
Buildings,12
assuming,3
offended,13
remarkably,17
adieus,4
safest,3
kindest,5
ventured,15
stagnation,2
luxury,5
houses,11
Berkeley,12
Street,53
assuring,4
accidental,3
Martins,9
dangerous,16
February,11
recent,6
secured,17
approve,14
impossibility,9
quitting,13
blunder,8
sailors,3
wives,8
conveyed,16
port,2
husbands,8
everybody,14
respecting,6
testimony,3
footsteps,3
gravel,4
loveliness,2
Like,4
precisely,14
height,11
ones,7
overpowered,5
ample,8
missed,13
missing,4
anticipated,8
exact,10
bringing,26
improve,13
noise,12
lessen,7
promotion,3
zealously,2
active,16
projecting,3
submitted,14
eager,31
escape,22
impatient,20
received,91
slow,11
doubted,16
miserable,22
deprived,4
liking,12
bears,2
wherever,14
ponds,3
church,14
quarter,33
tis,5
contents,5
livery,4
clergyman,5
sacrifices,3
performed,7
bestowed,8
species,3
unobtrusive,2
abruptly,7
voices,7
detain,5
begging,4
affairs,12
Chapter,19
17,2
pride,32
droll,6
irksome,2
instance,14
ordered,12
unknown,8
F,8
send,31
throughout,5
hasty,9
imprudent,6
attachment,89
invention,3
advise,15
deserve,24
estimate,6
alike,16
eldest,32
XIII,3
helped,3
breaking,7
humoured,19
nicest,3
black,8
pointer,2
piece,22
court,9
plaister,4
improvements,7
additions,2
sell,5
indigence,2
infer,2
poverty,6
deficiency,9
chained,2
force,13
engross,3
Harvilles,15
Tuesday,13
safely,30
cordiality,11
answers,2
outlived,4
scoundrel,3
importance,34
unprincipled,3
lest,7
phoo,2
announced,11
settling,11
overheard,3
dreadfully,11
Hayter,33
essential,10
obtain,3
regarded,8
supper,13
sighing,5
Half,5
blessed,8
misinterpreted,2
averted,4
tongue,7
motionless,2
occasions,10
beings,5
enjoying,7
youthful,4
parlours,2
cows,3
Welch,2
cow,3
drink,4
hesitate,4
smart,14
rapidity,8
waiter,3
genteel,7
Altogether,2
quickness,8
perception,4
nicety,4
discernment,3
penetration,7
gifted,3
understanding,52
cases,8
landlord,3
misfortune,11
independence,16
learned,9
significant,3
founded,7
irremediable,2
admired,22
beautiful,36
harshly,2
complaint,11
income,32
All,30
counter,2
quickest,4
quicker,5
despatch,6
maintained,11
relative,11
concealed,13
contradictory,2
Three,6
persuasion,26
THIS,3
spare,23
connexions,14
unconcern,4
restored,20
animation,12
dissatisfied,5
finest,12
generous,9
assisted,13
deeper,5
perfection,12
North,2
substantial,2
infinitely,15
fitted,8
cheer,4
agitations,3
pensive,3
screened,2
fat,4
destiny,7
alive,7
nursery,7
repent,8
streets,6
expenses,9
handkerchief,3
throwing,6
tricks,3
intention,15
hospitality,7
uncommon,5
invitations,8
dinners,4
display,5
benefited,4
increasing,14
officers,4
Considering,4
lies,3
protested,6
fastidious,5
confessed,5
collect,8
sending,17
owners,2
perplexities,2
companions,17
Good,30
gracious,7
apply,4
shyness,6
excuse,31
inattention,4
4,2
confusion,27
released,5
amuses,2
lowering,5
Smallridge,9
Sucklings,3
Bragges,2
thankful,12
included,10
familiarity,4
calculated,10
witnessing,4
marking,4
assurance,19
curate,5
remarkable,6
loved,46
respected,5
Pity,2
La,3
uncle,30
pupil,2
truths,4
refused,19
Christmas,13
hop,2
o,15
clock,17
contemptuously,2
East,3
climate,3
hot,10
solid,2
accidentally,8
chair,22
acquitted,4
hazard,4
internal,3
persuasions,2
Old,4
fashioned,7
notions,11
profess,3
month,21
WE,2
heartiness,2
evident,24
disgusting,5
conceited,5
strike,4
qualities,5
proportions,2
limits,4
show,6
ran,15
steps,12
jumped,2
apologies,8
tall,15
graceful,6
medium,4
audible,3
apartment,6
Pratt,7
aye,7
resume,2
modern,10
apartments,4
restrained,4
dress,21
evidently,21
trimming,2
sorrowful,7
dependent,7
aid,7
rupture,4
enlargement,2
ornament,2
consultation,3
perplexity,4
upstairs,2
surmise,4
clerks,2
grow,10
expert,2
weakness,9
defend,5
disposal,6
Sophia,4
prejudices,3
minutiae,3
admit,21
sick,18
handsomer,2
nine,12
Park,18
depends,9
attendance,7
talents,12
genius,6
extravagant,6
demands,7
encouragements,2
Westons,10
Leave,5
stone,4
flower,4
exerted,5
unequal,8
curtailed,2
English,11
suspension,3
ruin,11
influenced,6
alterations,2
saved,11
arranging,3
placing,5
possessions,2
transition,3
convince,23
formal,7
easier,4
residence,14
lessened,8
Pass,2
E,11
stage,3
raising,6
fearful,12
interview,6
press,10
dupe,2
eloquent,2
violent,15
start,7
fixed,42
hysterics,5
raise,23
undertook,2
reckoning,3
indispensable,6
reigns,2
thanking,2
neighbour,10
foundation,5
built,7
depending,3
teach,5
comparison,22
guest,5
remove,12
beloved,15
inhabit,3
forth,17
reserve,19
boast,5
presumption,6
mad,8
infinite,3
fewer,4
struggles,2
Vanity,3
seeking,12
triumph,15
involved,14
extravagance,4
offspring,4
sacrificed,2
proceeded,23
relish,2
sharp,7
lateness,2
insincere,3
mirth,6
shop,17
Bond,8
eighty,2
require,10
noble,10
honestly,4
shared,4
pitied,4
discussion,10
rational,25
mentioning,10
Everybody,6
behave,7
pleasantly,10
achieved,2
implied,9
distinctly,6
explanations,6
foreseen,10
complimentary,2
conclusion,16
according,6
sacrifice,15
owes,3
incessant,5
caprice,4
governed,5
Did,35
Am,5
reserved,13
XVIII,3
Since,6
scruple,19
confessing,5
judgement,7
legacy,3
merry,7
elderly,5
hunters,3
draper,3
linen,4
odd,32
dealt,2
substance,5
shadow,3
expecting,18
congratulated,3
cordial,6
fearless,2
addressing,12
cautiously,2
gallant,10
Dowager,3
Viscountess,4
Ma,5
letting,5
hereabouts,3
attach,13
goes,11
listened,30
deference,3
confess,27
glow,10
anybody,24
lovers,6
owe,9
stupid,8
sufferings,10
hitherto,15
Conduit,6
convenient,9
grant,9
disgrace,9
bend,5
baby,6
step,12
cheeks,11
skin,7
smoothness,3
driving,10
However,25
deposited,2
sober,3
hardship,5
worn,7
natured,19
eat,18
chicken,3
numerous,6
appetite,4
fifteen,6
ugly,3
efforts,2
whence,3
admiral,2
Sometimes,6
deny,13
conveying,3
cutting,5
indicate,2
disinclination,4
driven,6
attractions,7
strictly,5
blameless,5
mixture,5
pondering,2
vexed,9
ears,5
Observe,2
faithful,3
forego,2
acceptance,6
Jemima,4
butcher,3
incivility,2
befell,2
standard,3
delights,2
satisfies,2
9,3
fancying,16
acquiesced,2
Knightleys,5
yourselves,4
urged,11
idle,9
refinement,4
benevolence,4
watched,18
symptoms,10
unexceptionable,7
chuses,4
process,4
consolation,23
range,3
pursued,5
resisting,2
heads,6
unwillingly,3
shelter,4
parsonage,8
contriving,3
uniting,4
utmost,28
frugality,2
pursuing,6
courting,2
wealthy,3
attempted,14
officer,5
yearly,2
scrupulous,7
ours,8
benevolent,3
comforted,5
Devonshire,19
blind,14
effectually,4
blinded,6
services,4
complaints,7
claiming,3
foreseeing,4
entreated,6
entreaty,8
persevered,4
apprehend,5
foresaw,5
depend,25
Longstaple,7
measured,2
dining,21
charmingly,4
imaginations,4
appearances,7
DID,12
arrive,8
seek,13
fruitless,2
endeavour,15
guessing,4
establishment,13
liberal,15
blush,23
woods,5
shrubs,2
lawn,5
summon,2
attentive,16
observer,3
escaped,14
Dawlish,5
played,11
harp,7
parents,7
refresh,3
lawyer,6
prompted,9
excused,6
slightest,9
reference,4
resolute,5
measures,4
advised,7
adopted,4
Only,18
conceive,11
meanness,3
contemptuous,2
acting,16
horrid,4
meditated,2
THEN,8
Two,8
variation,3
Our,14
keeping,14
inconsiderately,2
similarity,2
properest,3
surgeon,5
recovery,13
northward,2
Dick,5
Gibraltar,2
captain,6
accounts,11
Windsor,4
fairest,2
falling,10
consequent,3
actual,8
judicious,3
errors,4
tidings,4
musing,2
offers,5
naval,6
Hannah,2
heartily,17
Nash,7
universally,7
mistake,24
exerting,3
HE,5
Ladies,3
deplorable,4
villain,3
unwholesome,5
preserves,2
sole,4
desiring,2
confident,6
relying,2
intreat,3
wept,4
demand,3
fatigues,4
prudence,13
rightly,5
oftener,8
decent,8
twelvemonth,7
exultingly,3
proclaimed,2
cheek,4
ostensible,3
gravity,5
thoughtfulness,6
fullest,3
Combe,12
Magna,8
acquiescence,9
silently,5
basis,3
esteem,12
key,3
injunction,5
parting,22
yard,4
front,9
somebody,16
favourably,3
impressed,3
gratified,17
proof,34
distinguishing,6
unluckily,5
mamma,8
Richard,6
Middletons,14
insolent,4
hardened,6
merits,14
clearly,4
page,4
volume,3
nursing,3
fashionable,6
beforehand,6
station,7
degrading,3
provoking,6
prepossession,4
III,4
prodigious,4
sentence,10
pronouncing,3
Christian,5
Shropshire,2
haste,4
tones,3
sanction,4
V,3
cordially,6
birth,14
openly,13
consulting,5
expediency,2
chief,11
reward,9
sorrows,5
pitying,3
gentleness,11
oblige,5
Without,5
lying,4
awake,5
indulge,9
meditation,4
revive,4
heightening,2
remembrances,2
dwelling,5
occasioned,9
coolness,4
utterance,2
perforce,2
resent,5
relieve,5
wit,12
supply,18
May,10
approval,2
beam,2
alter,8
rid,7
escaping,2
adjoining,9
Be,4
praised,9
rap,2
announcing,6
approach,14
starting,2
concise,2
diffuse,2
replies,2
allusion,3
20,3
November,12
avail,6
arriving,7
endeavours,4
apologize,3
Nancy,4
irresistible,10
inexperienced,2
artificial,3
worldly,8
guide,2
lamp,2
sunshine,3
relationship,7
dances,6
aloud,7
shake,9
assent,7
disapprobation,3
thus,26
virtues,5
bargain,3
assigned,2
excited,15
striking,12
hindrance,3
discover,9
falsehood,5
astonish,2
tolerably,19
underrated,2
ay,3
failings,2
disturbed,12
propensity,2
formidable,5
resolutely,9
rejoice,11
OUGHT,2
buy,9
dearly,4
eligible,10
converse,4
mental,5
See,2
forcibly,3
evenings,4
fearfully,3
nineteen,11
qualified,4
competent,3
instruction,2
motives,10
Whenever,7
revolts,2
bountiful,2
irrepressible,2
effusion,5
draws,4
nodded,3
Bickerton,3
boarder,5
apparently,11
safety,15
About,10
retired,6
advanced,9
broader,2
gipsies,6
unpretending,2
minded,6
artless,4
mysteriously,2
interruption,5
ladyship,7
subjects,20
raillery,2
occur,19
Better,5
club,4
Imagine,2
lowered,2
sighed,6
wittier,2
sofa,10
keenly,3
pushing,3
grievance,2
anger,10
likes,7
attributed,5
famous,5
strawberry,2
beds,6
plea,7
requesting,2
ignorance,10
trembled,4
sickness,3
improved,20
denying,6
resolving,8
glances,4
visitors,14
ascertained,4
events,8
thoughtlessness,2
effects,16
hereafter,11
Milsom,5
Should,7
bathing,7
embrocation,2
contracted,3
sixpence,2
Fifty,2
accompanying,3
contained,9
surrounding,6
backwardness,2
WOULD,5
Sussex,5
filled,9
prevailed,12
Any,4
Harley,13
request,11
admittance,2
conceived,6
drove,12
enquired,6
heightened,4
attraction,12
ardent,3
Williams,5
bye,17
useless,2
enquiry,8
professedly,3
Midsummer,3
apology,13
Union,2
familiar,4
reluctantly,2
ordinary,7
plague,3
Tell,10
misapprehension,4
inviting,11
crimsoned,2
undergoing,2
sailor,4
sympathetic,2
Taunton,5
walker,3
trace,4
build,9
whispered,8
justify,10
uniformly,2
unreserved,3
rate,23
ungenerous,3
planned,2
success,17
imputed,5
string,3
watching,17
zealous,3
meetings,8
illnesses,3
cares,13
entire,10
excessively,19
intellectual,2
compact,3
Its,3
officious,3
system,3
conjugal,2
obedience,2
unexpected,9
sang,5
becomes,6
regulate,2
accordingly,10
rapidly,10
refusing,3
renewing,5
retreating,2
desk,2
excuses,8
captious,2
parcel,8
stating,2
adding,4
requested,5
direction,22
Bristol,9
stared,2
aggravation,3
High,2
felicities,3
concealment,15
astonishing,9
mechanically,3
named,13
presented,10
date,5
pushed,5
reminded,3
forlorn,6
dissipated,5
XI,3
Larkins,10
mermaid,2
heavens,5
Box,13
Hill,14
shameful,2
neglect,12
intelligible,8
quarrel,13
abominable,7
angry,32
walnuts,2
artist,2
Cape,2
compliance,7
leg,7
salted,2
loin,2
kingdom,4
eclat,3
compatible,2
jealousy,5
grandpapa,2
vacancies,2
quarrelling,3
impulse,6
mama,12
Laconia,6
stubborn,3
unfeeling,7
unlikely,4
indescribable,2
liveliness,4
Uncle,2
overflowing,2
brings,8
Even,15
invariable,4
unreasonably,4
supposing,17
possesses,2
trivial,5
recommendations,7
ninety,2
philosophic,3
minds,7
certainty,16
sought,15
stopping,6
prevailing,5
distrusted,2
urgent,6
freckles,5
devoting,3
youth,27
vigorously,3
praises,2
although,4
Whitwell,3
disliked,3
unnatural,6
creating,6
fetching,3
Wednesday,5
spruce,5
beer,4
yielding,4
excess,6
opposed,6
score,2
Monday,7
grieve,5
Phoo,2
gardens,8
monstrous,10
Pall,2
Mall,2
tables,3
library,5
refreshments,2
charitable,3
tribute,3
bestow,8
agreeing,6
equipped,2
anticipating,3
stationed,3
amazingly,4
ungrateful,7
surprising,3
Amongst,2
Both,4
ships,3
betray,5
Elliots,6
guarding,3
suspicious,6
tendency,9
Going,3
sign,3
ends,3
toils,2
Hayters,4
females,4
rivals,2
legal,2
allowance,7
maintenance,4
learnt,12
prevail,7
departed,3
midst,9
dry,7
bank,4
row,3
soften,3
drawings,8
Wingfield,7
vicinity,2
hat,5
Still,8
tax,4
successively,2
slightly,8
entering,18
rewarded,4
meal,5
lasted,11
delivered,8
requires,7
born,15
intervals,8
angel,7
prettily,5
colonel,2
secrets,4
hiding,2
closet,4
chimney,3
recognition,2
reasons,7
blushing,5
21,2
Seven,2
amount,9
device,3
sport,6
Must,4
Hughes,3
twice,21
nonsensical,2
unfit,8
respectably,3
Betty,4
contraction,2
brow,2
insipidity,2
morality,4
Want,2
Don,16
class,6
nights,8
Asp,6
condition,16
maids,6
works,6
total,9
breach,4
coarse,5
disturb,6
Just,6
contrived,7
September,9
gate,10
sounds,13
guarded,4
pictures,4
Basil,3
Baldwin,3
broke,6
grandmama,9
welfare,5
administer,2
malice,2
Thomas,6
wanton,2
probabilities,4
proofs,7
contradicted,6
hints,11
answering,6
ear,12
acute,4
foolish,12
beau,8
unfairly,5
fail,15
exclaiming,6
reflected,4
exclamations,3
seating,3
kissed,5
affectionately,5
Allenham,9
Excellent,3
introduce,12
bone,2
indisposition,10
mortifications,3
intends,3
Somersetshire,10
wretchedness,9
building,5
revival,3
stroll,4
dispel,2
ashore,2
survey,3
yards,9
sufficiently,10
admirer,6
preference,18
determination,7
Surry,8
staircase,5
sketches,2
Swisserland,4
viscount,2
unlucky,7
omission,3
permitted,6
heat,9
continue,12
gold,3
recovering,10
apace,2
agreeably,5
securing,6
grieved,13
treating,4
prodigy,2
lobby,3
disregarded,3
quieter,2
toil,2
labour,6
abhorred,3
worthless,3
commiseration,2
proportion,6
Soon,4
exchange,6
negative,4
orchestra,2
straight,6
travelling,9
misunderstood,4
narration,4
arisen,3
rambling,2
protected,2
Elegant,2
scissors,5
poetry,4
struggling,2
wonderful,17
losing,6
delusion,3
reluctance,4
discouragement,2
render,3
heroism,2
tenderly,2
Never,14
heedless,2
rationally,3
airs,2
interference,11
conclude,6
succeed,5
sleepless,4
cruel,12
Harris,8
regretting,6
subdue,3
chancing,2
clearer,3
hang,3
fields,2
separations,2
forgiveness,6
derive,3
acquired,5
watch,16
steep,3
relating,5
neck,4
miniature,3
water,12
conducted,4
Nonsense,2
contenting,2
pointing,6
respectability,5
held,16
dirt,3
prospects,10
poignant,4
sting,2
Easter,2
staring,2
latest,4
projects,2
authors,2
heirs,2
Coxes,2
foreign,2
moonlight,3
dwelt,6
ascended,2
lesson,5
intimately,5
unavoidable,3
impatience,10
putrid,3
infectious,2
shrubberies,4
involuntarily,4
undoubtedly,19
flutter,5
intermission,3
scolded,4
honest,11
brief,7
October,6
lodging,2
veracity,2
inventing,2
Nor,4
selves,3
popular,2
limbs,3
Clifton,2
sobs,3
undertake,3
commission,9
welcomed,7
showed,3
drinking,5
Engaged,3
advice,20
unpleasant,21
disagree,3
heavily,2
displayed,4
conversable,3
cards,9
mixing,3
occasionally,11
joining,3
acceptable,11
offending,4
described,13
unreasonable,10
applications,6
puzzle,2
Whatever,9
moderation,4
fellows,4
firmly,6
relied,4
Those,9
Know,2
theirs,9
congratulation,2
mode,2
mystery,6
soothe,2
indignity,2
accompanied,5
estimable,3
steadfast,2
piano,7
forte,7
topic,6
lengthened,4
genuine,5
gentlewoman,2
insufferable,3
breathing,3
puzzling,2
dulness,3
flushed,3
hollow,3
whispering,6
anxiously,9
pre,4
reviving,3
fulfill,3
fright,6
heaven,6
connect,4
mortification,14
perform,4
Little,6
censured,2
HAD,3
whims,4
Gone,2
accosted,3
manage,6
rapturously,2
represent,3
practised,5
practicable,7
noisy,7
pulled,2
clothes,6
vigour,3
paragraph,4
affability,3
solicitous,8
watchful,2
bodily,3
intending,6
preserve,7
affect,6
mix,6
practise,4
seemingly,3
apologised,2
further,9
embarrassed,6
dispense,2
riding,3
conquered,2
zeal,11
strikes,4
thence,4
vowed,2
bonnet,3
reality,6
reluctant,3
unfavourable,5
visibly,4
toothpick,5
examining,7
debating,3
comprised,2
broad,9
stares,2
insignificance,2
adorned,2
attribute,6
carefully,7
cordials,2
prescribed,4
slumber,2
beneficial,2
acknowledging,7
discreet,3
momentary,13
perverseness,2
Lane,7
quickly,11
exclamation,5
ensued,3
smallness,3
quarrelled,5
Either,4
applying,4
August,3
retirement,5
accustomed,2
descend,3
candidly,2
headstrong,2
hates,2
whist,5
gates,6
associate,5
amusements,2
pure,5
contrition,4
explanatory,2
eloquence,5
coolly,9
nourishment,2
forbidding,2
hence,8
deserted,6
glowing,4
bright,5
prosperous,7
Time,5
declaration,10
concerning,3
succeeded,17
ensure,3
calls,7
inconveniences,4
unsteadiness,2
deserts,3
embellishment,2
astray,3
critical,4
betrayed,6
compassionate,9
virtue,3
viewed,4
prosperity,10
orchard,3
ascending,3
wall,4
corner,13
jokes,3
impertinently,3
stealing,2
hopeless,11
admires,4
deepest,3
hue,3
1,5
thankfully,2
preferable,3
envious,2
justification,3
assented,2
proposition,3
conveniences,3
suits,5
entertain,6
stain,2
blindness,6
tempted,12
fasten,2
rivet,6
blessings,8
vex,3
sum,7
nodding,4
chamber,4
using,4
everywhere,5
rooted,2
diffident,4
unhealthy,2
passion,10
involve,4
advance,7
excluded,4
originated,2
nobly,2
languid,6
introducing,7
alleviations,2
pangs,2
Part,3
Bartlett,4
la,3
pitiable,5
acts,2
sees,7
rated,2
Dalrymples,4
gipsy,2
families,15
preferment,2
provided,9
enable,6
minor,2
announce,9
song,10
sparkling,2
entertained,4
reproof,6
covered,6
snow,12
snowing,3
displeased,9
contemplate,2
council,2
doatingly,2
producing,4
narrowly,2
differently,20
utility,4
expectations,8
justified,8
needed,8
provision,4
Common,2
mixed,6
parish,12
warmer,5
design,12
occurs,2
guessed,10
warrant,5
m,2
beaux,6
profusion,2
allowances,5
playfulness,3
pleases,4
expressive,4
condemned,2
lurking,2
undecided,2
disappearance,3
hid,2
believes,2
disgusted,4
pretensions,4
Yet,13
depression,2
forbid,5
weakened,4
frame,3
discharged,3
comparisons,2
defects,3
Really,2
ordination,2
native,4
evidence,3
appealed,4
refined,3
acquirements,2
systems,2
quantity,4
sold,6
price,4
scramble,2
education,19
falls,3
paying,14
fondness,3
undertaking,2
floor,5
faint,6
food,5
slept,3
suspense,17
aching,2
stomach,3
engrossed,7
comfortably,12
regrets,14
CAN,5
straightforward,3
governess,8
safer,6
speed,6
hesitatingly,4
buildings,3
Cobb,12
bay,2
cliffs,2
stretching,3
east,3
sixteen,10
amuse,12
childhood,2
uncheerful,2
Are,18
slighting,3
destined,4
impartial,3
destroyed,7
irrational,3
relapse,2
dirty,6
accordant,2
box,4
mothers,3
knitting,2
originally,3
permanently,4
briefly,3
newspaper,7
pattern,6
knit,2
lamenting,5
definition,2
induce,9
female,8
creation,3
stoop,2
bursts,3
longed,10
disengaged,12
shrubbery,7
freshened,2
relieved,10
intimation,2
salary,3
partially,3
fervour,2
indulging,6
speculations,2
Besides,4
Whether,5
intrusion,3
determining,2
unsatisfactory,2
correspondence,5
referred,2
faulty,2
economy,3
calculations,4
approved,11
uncertainty,8
tied,2
planning,5
weary,4
uncivil,2
baked,6
refer,2
windows,11
casements,2
frigate,3
promoted,6
sealed,2
abundance,6
devise,2
Again,3
acuteness,3
cure,20
darted,2
obstinacy,2
heedlessness,2
rejoined,2
sincere,16
wilful,2
disorder,4
despair,5
Honiton,2
mighty,2
upstart,2
estimation,5
abode,4
Captains,2
supplied,9
lot,6
apart,3
plate,2
rob,2
imaginary,7
improvement,19
incumbent,7
caro,4
sposo,4
killed,5
gloves,5
crossing,2
scattered,4
impassable,2
blown,2
field,4
elevate,2
complaisance,4
chiefly,11
arrangements,10
detail,3
ending,3
obtained,4
pacing,2
west,2
wandered,2
animate,3
loudly,3
purposes,2
revolting,2
Encouragement,2
speeches,4
checking,9
ejaculation,2
usage,4
blended,2
resenting,2
release,4
burn,2
expects,2
correct,8
grows,2
indubitable,4
analogy,4
bodies,2
strongest,12
rough,5
abused,4
widely,2
guilt,11
darker,3
relate,9
Forty,2
communications,5
harmless,3
gossip,5
Vicarage,9
irregular,3
main,2
doubting,2
Give,3
marries,4
unconcerned,5
Careys,3
rubber,4
holidays,6
infection,5
proving,2
quietness,2
stray,2
beautifully,4
communicating,5
attract,5
restoring,3
muslin,2
blue,3
ribbon,3
blundered,2
pitch,2
sized,5
gratefully,4
overpower,2
shoes,4
cake,8
boiled,6
pork,9
situated,4
immense,2
rencontre,3
rescue,2
acknowledgment,9
farewell,8
performer,2
humours,2
existed,4
MAY,2
repair,2
apologising,3
harbour,2
impertinence,4
vastly,5
illiberal,3
alloy,5
apprehensions,4
precedence,4
balance,2
polite,9
fare,2
feebly,2
insufficient,4
outweigh,4
dread,17
perceptible,5
Portsmouth,2
Man,2
boasted,2
freedom,6
rejoicing,2
fervent,5
stepped,2
unembarrassed,2
archly,2
excepted,2
bitter,5
specimen,2
Instead,5
composedly,5
pert,3
jointure,2
rent,5
ringing,2
penny,2
contempt,9
puppyism,2
horrors,2
inspection,2
Gray,3
bedroom,3
differing,2
sadness,2
speedy,6
enemy,4
flakes,2
overcharged,2
Belmont,3
removals,3
midshipmen,2
presentation,3
consternation,3
ushered,3
rub,3
temples,2
salts,2
unsuitable,4
YOUR,5
protest,7
upset,2
Within,3
unusual,6
fathers,2
pretending,3
apothecary,5
retreated,3
comparing,3
dated,3
Go,4
desperately,3
Courtland,2
shoulder,4
posture,3
informs,2
feelingly,4
project,2
thither,9
exceed,5
imparted,3
conference,4
origin,7
apiece,2
keener,3
heighten,2
final,3
reports,3
questioned,5
thoughtfully,3
discerning,3
article,7
unfounded,2
MY,11
despise,2
unquestionably,3
unnoticed,4
demanded,2
preferring,4
musician,3
gruel,6
basin,2
amendment,8
Fortunately,4
desires,2
regards,3
presumed,6
refine,2
improperly,3
affixed,2
tended,2
submission,6
graciously,6
entitled,6
repeat,7
representations,3
lamentations,3
earnestness,10
pained,9
Accordingly,2
rouse,7
IX,3
changes,6
oblivion,2
withdrawn,4
airing,2
significantly,2
avoiding,7
altar,2
affords,2
lame,3
extenuation,3
XII,3
bid,10
delineated,2
STILL,2
shaking,5
darling,2
provocation,3
rung,2
Bad,3
serviceable,2
secondly,2
oath,3
solicited,4
shot,2
invent,2
weakening,2
separate,15
hunting,2
collection,4
longest,5
associates,2
study,9
denial,6
disliking,2
spacious,4
permission,2
groves,2
cherishing,2
promoting,5
misconduct,6
chances,6
gainer,2
showing,2
excite,10
farming,2
weathered,2
allowing,8
travellers,2
store,2
Few,3
needless,5
derived,4
hastened,7
Concert,2
Room,5
sketch,3
smooth,8
excessive,7
endurance,2
24,2
chatted,2
cheerfully,10
resources,11
pretension,2
Cowper,2
correspondent,4
eighth,2
ceiling,2
watering,3
dies,4
disquiet,2
Irish,2
remembered,11
awful,6
confide,2
guidance,5
Five,3
perplexed,4
blank,3
impose,3
consented,6
repressed,2
Scotland,2
partial,11
forebodings,2
unequivocal,2
pleasantness,2
luckily,5
ALWAYS,2
deceiving,2
VERY,2
wicked,4
fatigued,5
tranquil,7
quivering,3
uttered,5
urge,9
willingness,3
candid,3
enthusiasm,4
sits,2
unceasing,4
sounded,3
tune,2
bitterly,4
closer,3
ate,6
meat,3
lifting,2
arch,3
bill,2
disordered,3
swelling,3
mutually,4
sacred,2
bias,3
abuse,4
solemn,6
simply,3
hesitating,2
unguarded,2
spectacles,9
intently,6
respective,3
situations,11
grievances,2
wrought,3
invariably,5
overlook,7
wounding,4
irritable,3
witness,9
disgraced,4
affront,2
affecting,4
internally,3
henceforward,2
eyeing,3
satisfying,4
dancer,3
signed,2
Grey,8
retrench,2
breath,5
gaze,5
bloom,9
soldier,2
VI,3
approving,5
revolving,2
harmony,4
VII,3
Stop,2
exist,7
term,2
punctually,5
summons,2
unattended,3
crossness,2
learning,5
lessening,3
appointed,4
landing,2
28th,2
limited,5
bench,4
route,2
custom,2
disparity,9
ages,2
activity,2
inform,4
original,6
storms,2
inspire,3
likelihood,5
persisting,3
showery,2
busily,2
helping,3
winding,2
Grecian,2
temple,2
south,2
summits,2
heated,3
mischief,6
Shakespeare,2
succeeding,12
meadows,3
demure,3
sadly,4
indulged,7
Sunday,2
March,4
reckon,2
hinting,2
merriment,3
awakened,5
dissipation,3
quieted,2
shoulders,2
overcoming,2
accord,2
stands,2
politely,2
cooled,2
stile,2
acquisition,3
courtesy,3
affronting,2
expressively,2
gun,3
guineas,2
puzzled,6
lowest,2
suppressed,4
calculate,4
disproportion,2
seventeen,10
bound,7
contribute,2
cry,2
feigned,2
desirous,8
contemptible,4
Coles,13
ingenious,3
flatter,9
longing,4
contemplated,3
suddenness,2
tear,4
measles,3
pavement,4
collation,2
Partridge,3
daring,5
mortified,10
countries,2
discoveries,4
addresses,5
regularly,3
2,2
possessing,2
disapproved,2
concealing,7
unnecessarily,4
variously,2
urging,5
recommending,3
freeze,2
tonight,3
failing,2
treasure,3
richly,2
sauntering,2
ceaseless,6
washing,2
kitchen,4
art,3
advising,4
Shirley,4
discharging,2
severely,4
compose,4
joyous,3
deceitful,4
accustomary,4
subdued,7
deemed,7
unhappiness,8
dissatisfaction,2
crisis,4
injuries,2
shark,2
distresses,5
ingenuity,4
borrowed,2
umbrellas,3
assuage,2
THEM,5
Bateses,4
jealousies,2
predicament,2
dimensions,4
punctual,2
lowness,3
disagreement,4
land,7
tithes,2
Perrys,3
alphabet,2
dreaded,8
relates,2
Believe,4
judiciously,2
Behold,2
monarch,2
seas,3
goodwill,5
Sure,2
Last,2
successful,3
discompose,2
security,6
freshness,4
Mansion,3
commonplace,2
salutation,2
impartially,2
perturbation,5
unfelt,2
inconsistent,2
accomplishment,5
detaining,2
admirable,4
papers,6
chambers,3
Astley,4
torture,4
shan,4
19,2
dealing,3
irritate,2
decisively,2
objected,4
elect,2
HIS,5
imperfection,4
surpassing,2
adapt,2
noticed,4
inconstant,3
Eight,2
shedding,2
covering,2
stream,2
doting,2
nought,2
lecture,2
wrapt,2
thousands,5
10,2
glorious,2
Brown,2
blushes,2
sweetly,2
phrase,6
Things,2
donkey,3
Ten,2
Pardon,3
startled,8
slipped,2
Short,4
encourage,6
belief,11
doated,2
hazle,2
tiresome,8
lend,2
disapprove,2
whoever,3
fools,2
atonement,6
frighten,2
insolence,5
contributing,2
sour,2
marks,2
defiance,3
pronounce,5
conundrum,2
seconded,2
conquest,5
Might,3
arguments,5
Yorkshire,5
offensive,2
colder,2
chat,6
Tea,3
amazing,4
inquired,7
partners,2
twentieth,2
inexpressibly,3
tremble,2
govern,2
suffice,2
unfolded,2
Jenning,4
romantic,5
intimates,3
scale,2
noticing,3
beheld,4
foresight,4
affording,5
advancing,4
etc,2
inspired,3
animating,3
sung,3
sufferer,2
syllable,10
dialogue,2
unwelcome,6
sides,9
provide,3
discomposed,3
consoling,2
timed,4
attacked,2
ballroom,3
suppers,2
exulting,2
insulted,2
assert,2
supposes,2
outgrown,2
nicely,5
exceeding,4
affable,3
comparative,2
proclaim,2
resided,2
helpless,3
arrogance,2
considers,5
sportsmen,4
surmised,3
examples,3
buzz,2
unchecked,2
drank,2
impropriety,5
thirteen,5
blossoms,2
redeem,2
assembled,7
gathering,2
strawberries,8
Delightful,2
gather,2
scarce,2
wood,4
gardeners,2
delicious,2
eaten,3
refreshing,2
stooping,2
glaring,2
incline,2
vindication,3
talkative,3
threatening,2
fairy,2
chariot,2
grand,5
unrestrained,2
pencil,4
lent,2
fed,2
fated,2
north,3
Elliott,3
checked,6
rode,3
enabled,7
resuming,2
blamed,2
renting,2
farm,8
plantation,2
inexcusable,4
recall,5
task,2
butler,4
solicitation,2
commanding,2
alarmed,8
extension,2
refrain,3
eleven,2
lime,2
supposition,5
XVII,2
injustice,10
barbarous,2
sprung,5
condemning,2
secondary,3
insincerity,2
stretched,4
laying,5
moves,2
withdrew,3
grieving,6
DEAR,2
MADAM,2
surely,6
reputation,2
caring,3
reasoning,3
13,2
boyish,2
Under,2
blunt,2
brown,3
uncommonly,4
attractive,3
congratulations,8
knocked,3
Immediately,2
Facts,2
feverish,3
consisted,2
vacant,7
gift,5
voluntarily,10
excellence,7
sloop,3
incredible,2
newly,2
pleasantest,3
abrupt,3
Nurse,3
Rooke,6
understands,4
thankfulness,2
restraint,5
unexpectedly,2
summoned,3
forwarding,2
enclosed,2
Serle,3
moderately,3
erred,3
spiritless,2
7,2
humiliation,4
downright,3
gentility,7
mansion,5
SHOULD,3
resorted,3
lengths,3
colours,3
ensured,3
Excepting,2
inequality,5
wretchedly,4
accuse,3
choosing,2
torment,2
THESE,2
augmented,2
ceases,2
oneself,3
XIV,2
advisable,6
dissimilar,2
dismounted,2
whither,6
powered,3
Between,4
testify,2
conversed,4
example,9
alacrity,8
spoilt,5
accompany,5
exposed,9
tour,2
hall,7
dropt,4
check,8
job,3
manly,3
shooting,4
complying,3
mild,5
alleviation,3
dab,2
verses,2
Gowland,2
seniority,2
moral,2
Happily,4
Yours,2
forbade,2
mantel,2
silver,2
tale,2
avert,2
noises,3
measuring,3
conjectural,2
aimed,3
remarks,8
affluence,5
Smiths,3
obligingly,2
correspond,2
bulky,2
bath,3
absurdity,3
souls,2
remembering,6
consoled,3
forfeit,3
pleasanter,5
coarseness,2
flirtation,2
imperfectly,2
watchfulness,3
regulations,2
c,10
knife,2
encumbrance,2
saves,2
DOES,4
dares,2
Scarcely,2
vouchsafed,2
barns,2
obeyed,3
expeditiously,2
IV,3
Among,2
proposals,4
realised,2
competence,3
purchase,6
Gay,2
stability,2
sends,4
shortly,9
Once,5
conversing,3
horrible,5
proprieties,2
temporary,4
calmly,9
spontaneous,3
Impossible,3
observance,3
nameless,3
stipulate,2
Friday,5
reverted,2
performers,3
pearls,3
capital,2
Archibald,2
governing,2
sands,3
tide,2
breeze,2
shore,4
consult,9
Six,3
shops,3
averting,2
hunt,2
brightness,3
partly,3
intentionally,2
characteristic,2
swept,4
Dreadful,2
fortunes,2
firmer,2
expressly,3
frank,5
reasoned,2
sympathize,2
enquiring,2
captivating,3
storm,4
musings,2
eternal,4
restraints,6
discharge,3
requiring,4
wander,2
rascal,2
train,4
Providence,2
parley,2
sin,2
glancing,3
cottages,2
undesirable,3
undone,2
bordered,3
struggled,3
wretch,2
restrain,5
cured,2
recurrence,2
instantaneously,2
contrivance,2
dreamer,2
local,3
attachments,5
feed,2
stake,3
commands,2
deranged,2
finger,2
tacitly,2
assume,2
Volume,2
channel,2
interfere,2
reads,2
Pretty,2
agrees,2
Octagon,2
wasted,2
discontent,2
picturesque,2
crowded,3
Romance,2
Forest,2
remonstrance,2
Think,3
detecting,2
St,4
conceit,7
belongs,2
contributed,2
nettles,2
marriages,4
Absence,2
exclusively,3
overtaken,2
exceptions,2
Sophy,4
fuller,3
committed,5
Undoubtedly,2
miserably,3
wearing,4
deserving,10
penetrating,2
Worse,3
indication,2
wainscot,2
compunction,3
adieu,2
gout,3
shares,2
lists,3
acknowledgments,2
issue,3
5,4
vigorous,2
copy,2
variations,2
painting,3
linger,2
abhorrence,3
seizure,4
contend,5
unsteady,2
accent,5
indecision,3
audibly,2
nothingness,2
fill,6
contradiction,2
Invite,2
fish,3
maternal,3
eligibility,3
stoops,2
sweep,5
fearing,5
lodged,2
agitate,2
advances,3
striving,4
gross,3
vouch,2
untainted,2
Stokes,2
atmosphere,4
unsettled,2
obstacles,2
communicative,4
bold,3
During,2
pique,2
sacrificing,2
vouchsafe,3
presents,3
fried,2
roast,3
yielded,5
trees,7
unpremeditated,2
attained,2
risking,2
destruction,2
rectory,2
per,2
footpath,2
gig,2
plead,3
supports,3
considerations,4
ye,5
enquire,3
waste,4
Women,3
disclosure,3
tooth,3
maintaining,3
interfering,3
stories,3
absolute,6
scenes,7
indignantly,4
confesses,2
truest,2
lightened,2
Mama,2
gratifying,5
alarms,2
brighter,2
attaching,6
robbing,3
diverting,2
horseback,6
disappointing,3
finds,2
Whom,3
subjection,3
foul,3
associations,3
appeased,2
Charmouth,2
varieties,4
rocks,2
resembling,2
changing,3
contrive,2
snowed,2
compromise,2
Rivers,4
White,3
Hart,3
diverted,4
principals,3
Parsonage,3
couples,2
square,4
Broadwood,2
bewildered,3
withstand,2
dashed,2
author,2
excusable,4
plants,2
avowal,2
hinted,2
Ellison,3
desert,2
passionately,2
river,2
stirred,2
Twelve,2
consciously,2
Hamilton,3
partialities,2
subduing,2
steadily,4
attentively,4
profits,2
touched,7
condolence,4
orator,2
resented,2
ungraciously,2
shows,2
pardoned,4
repose,4
counteract,5
amusing,9
articles,2
corresponding,2
privileged,2
Actually,2
noon,3
severity,3
counsellor,3
misled,4
descried,2
withhold,2
unison,3
knives,2
prior,3
filling,2
nods,2
Austen,3
Hitherto,3
reproaching,2
emotions,5
messenger,4
Sarah,2
doctor,2
medicine,2
establish,2
drops,2
bide,2
teaze,2
pardonable,2
ceremonious,4
clerk,2
shrink,2
remainder,3
indispensably,2
contrasted,2
rare,2
labours,2
shrewd,3
infatuation,2
alternative,2
await,3
ranked,3
tenants,4
dues,2
foretold,2
responsible,2
MUST,3
replying,5
mare,2
resigned,4
Birmingham,2
purchased,2
screams,2
poorly,3
rheumatic,2
gets,3
anticipation,5
matrimonial,2
bread,3
earn,2
disadvantage,3
solicitudes,2
results,3
atone,2
confession,6
endowed,3
revealed,5
gaily,2
employing,2
shower,2
rules,3
poultry,4
presiding,2
affronted,2
descending,2
lingering,4
alluding,2
misunderstandings,3
utter,3
inflicting,3
newspapers,3
housekeeping,3
ROBERT,3
prime,3
oddest,2
fainted,2
dangers,3
workmen,2
labourers,2
conjecturing,2
efficacy,2
urgency,3
pretended,3
mantelpiece,2
scornfully,2
solely,2
unsafe,2
Men,3
impudent,2
dog,3
Early,2
unwounded,2
replete,2
easiest,2
deliberating,3
Kitty,2
frozen,2
deplore,2
fatal,2
recur,2
Married,2
encountered,2
holiday,2
fireside,2
earliest,3
mindful,2
bought,2
XV,2
Birth,2
Picture,2
outwardly,2
henceforth,2
commonly,2
admirably,2
profit,3
eats,2
passes,2
ajar,2
ardour,4
rapture,3
cheerless,3
fickle,2
remind,2
Supposing,2
Sixty,2
lamented,3
leaned,2
threatened,3
esteemed,5
surpass,2
copying,2
submitting,4
worship,2
congratulatory,2
effecting,2
circles,2
preparatory,2
levity,2
comprise,2
clouded,2
stuck,2
whispers,2
louder,2
wearied,2
hind,2
12,2
disengage,2
honor,2
23,2
ascertaining,2
brilliancy,3
publicity,2
graces,3
stupidity,2
palpably,2
durable,3
occupying,4
observable,2
studiously,2
payment,2
transgressed,2
reduced,4
Scott,2
Byron,2
smaller,3
reside,2
reflecting,2
visible,4
French,3
occurrence,2
softening,2
decease,3
commonest,2
gum,2
courteous,2
comprehensive,2
restlessness,3
furnish,3
WAS,7
tending,2
verbal,2
retentive,2
subsisted,3
fainter,2
amounted,2
insensibility,2
equals,3
remorse,2
Honourable,2
dejection,2
flew,3
profitable,2
deception,3
Heavens,2
submissive,3
earned,5
slightingly,3
possessor,2
troubles,2
clownish,2
persevering,2
slice,2
mutton,4
caps,2
cheerfuller,2
borrow,2
strive,2
unvarying,2
tame,3
housemaid,3
needle,2
shews,3
misconstruction,2
objectionable,2
artifice,2
china,4
entangled,3
persisted,3
clearing,2
indelicacy,2
unpleasing,2
keen,3
immoveable,2
Presently,2
humiliating,2
absurd,6
thoughtless,3
Being,2
welcoming,2
suggesting,3
behold,2
envy,6
hastening,3
throats,2
Hanover,2
snug,4
dim,2
sleeping,5
obtaining,2
Humph,3
timber,3
shivering,2
persuadable,2
forcing,4
unacknowledged,2
prominent,2
Ives,2
personage,2
rugged,2
grey,2
tolerate,4
suggestion,3
Business,2
crown,2
tremulous,2
guardian,2
projected,3
test,2
accommodating,2
coffee,2
charmed,4
confidant,2
faithfully,2
innocence,2
refusal,5
landed,2
chanced,2
iron,2
sufficed,2
umbrella,2
spoil,2
romance,2
deed,3
nephews,3
embraces,2
articulate,2
WERE,2
artful,3
verse,2
condemn,2
admiring,5
egg,3
ostler,5
introductions,2
perpetually,3
saving,4
unmerited,2
sources,4
honesty,5
unperceived,2
penetrated,3
Ha,3
S,2
C,2
bespeak,2
habitual,2
asks,2
describing,2
richer,4
esteeming,2
airy,2
retort,3
foretell,3
wounded,2
imbibed,2
creditable,4
instrumental,2
unanswerable,3
THEY,2
Wallises,2
premises,2
dawdling,3
stolen,3
muttering,2
Coxe,2
unmanageable,4
regain,2
Temple,2
inattentive,2
injure,3
indisputable,3
privately,2
goose,2
twisted,2
feminine,2
reminding,2
charades,3
Charming,2
admission,2
Pleasant,2
anew,3
muffin,2
misfortunes,2
beaten,2
directed,6
Tis,2
impatiently,3
detected,2
presenting,3
smokes,2
penury,2
frankness,3
Offended,2
assisting,5
Larolles,2
sighted,4
dreading,2
supplying,3
faster,3
wildly,3
blockhead,3
Inn,2
populous,2
vestibule,2
pin,3
graver,2
naming,3
shamefully,3
softer,3
stayed,2
unobserved,2
injurious,2
incommoded,2
unkindly,2
interposed,3
inch,4
regulated,2
confiding,2
littleness,2
draught,4
bestowing,3
sportsman,3
patroness,2
inflicted,2
hero,3
overhearing,2
clearness,3
military,2
Papa,2
unprepared,2
knack,2
Wait,2
morrows,2
15,2
lighter,2
insinuations,3
insipid,3
withdraw,2
exterior,2
sandy,2
haired,2
insinuating,2
prettiest,2
premature,2
compounded,2
bachelor,2
lighted,2
shorten,2
closest,2
disturbance,2
paternal,2
culture,2
bare,2
landscape,2
investigation,2
venturing,3
condescension,2
consenting,2
loving,2
resignation,2
wont,2
flourishes,2
doubly,3
sheep,2
tidy,2
reprimand,2
connecting,2
None,2
eggs,2
sights,2
HAS,3
unobjectionable,2
reciprocal,3
Alas,2
despised,2
undoubted,2
absenting,2
discipline,2
strictest,3
porter,2
schoolfellow,2
tend,3
hush,2
incompatible,2
closing,2
shifted,2
plausible,2
unconvinced,2
needs,2
hateful,2
kiss,2
landlady,2
unemployed,2
emphasis,2
interrupting,2
terribly,2
Giaour,2
songs,3
tart,2
speculation,3
regarding,2
ninth,2
relinquishing,2
directing,2
adapted,2
satirical,2
Knowing,2
forwards,2
contrivances,2
VOLUME,2
signified,2
envied,2
courtesies,2
teacher,2
cultivated,2
sedulously,2
reductions,2
recital,2
host,2
panic,2
manor,2
seize,2
merited,2
dutiful,2
squire,2
discredit,2
interim,2
<UNK>,3869
